{"study_id":5692462144159744,"data":[{"namespace":"Corporation(5629499534213120)/Study(5692462144159744)/Subject(\"DUofMl\")/namespace(\"ImageChoiceDemo\")/DataPoint(1490907852877)","time_requested":1490857200000,"time_completed":1490907852877,"value":{"Long":3}},{"namespace":"Corporation(5629499534213120)/Study(5692462144159744)/Subject(\"DUofMl\")/namespace(\"PSQI/Q1\")/DataPoint(1490968315563)","time_requested":1490958000000,"time_completed":1490968315563,"value":{"Long":4}},{"namespace":"Corporation(5629499534213120)/Study(5692462144159744)/Subject(\"DUofMl\")/namespace(\"PSQI/Q1\")/DataPoint(1492268418598)","time_requested":1492254000000,"time_completed":1492268418598,"value":{"Long":4}},{"namespace":"Corporation(5629499534213120)/Study(5692462144159744)/Subject(\"DUofMl\")/namespace(\"PSQI/Q10\")/DataPoint(1490968346091)","time_requested":1490958000000,"time_completed":1490968346091,"value":{"Long":2}},{"namespace":"Corporation(5629499534213120)/Study(5692462144159744)/Subject(\"DUofMl\")/namespace(\"PSQI/Q10\")/DataPoint(1492268526675)","time_requested":1492254000000,"time_completed":1492268526675,"value":{"Long":0}},{"namespace":"Corporation(5629499534213120)/Study(5692462144159744)/Subject(\"DUofMl\")/namespace(\"PSQI/Q2\")/DataPoint(1490968320664)","time_requested":1490958000000,"time_completed":1490968320664,"value":{"Long":3}},{"namespace":"Corporation(5629499534213120)/Study(5692462144159744)/Subject(\"DUofMl\")/namespace(\"PSQI/Q2\")/DataPoint(1492268426284)","time_requested":1492254000000,"time_completed":1492268426284,"value":{"Long":0}},{"namespace":"Corporation(5629499534213120)/Study(5692462144159744)/Subject(\"DUofMl\")/namespace(\"PSQI/Q3\")/DataPoint(1490968321850)","time_requested":1490958000000,"time_completed":1490968321850,"value":{"Long":4}},{"namespace":"Corporation(5629499534213120)/Study(5692462144159744)/Subject(\"DUofMl\")/namespace(\"PSQI/Q3\")/DataPoint(1492268434419)","time_requested":1492254000000,"time_completed":1492268434419,"value":{"Long":2}},{"namespace":"Corporation(5629499534213120)/Study(5692462144159744)/Subject(\"DUofMl\")/namespace(\"PSQI/Q4\")/DataPoint(1490968324766)","time_requested":1490958000000,"time_completed":1490968324766,"value":{"Long":5}},{"namespace":"Corporation(5629499534213120)/Study(5692462144159744)/Subject(\"DUofMl\")/namespace(\"PSQI/Q4\")/DataPoint(1492268453571)","time_requested":1492254000000,"time_completed":1492268453571,"value":{"Long":4}},{"namespace":"Corporation(5629499534213120)/Study(5692462144159744)/Subject(\"DUofMl\")/namespace(\"PSQI/Q5A\")/DataPoint(1490968325928)","time_requested":1490958000000,"time_completed":1490968325928,"value":{"Long":2}},{"namespace":"Corporation(5629499534213120)/Study(5692462144159744)/Subject(\"DUofMl\")/namespace(\"PSQI/Q5A\")/DataPoint(1492268460984)","time_requested":1492254000000,"time_completed":1492268460984,"value":{"Long":0}},{"namespace":"Corporation(5629499534213120)/Study(5692462144159744)/Subject(\"DUofMl\")/namespace(\"PSQI/Q5B\")/DataPoint(1490968327094)","time_requested":1490958000000,"time_completed":1490968327094,"value":{"Long":2}},{"namespace":"Corporation(5629499534213120)/Study(5692462144159744)/Subject(\"DUofMl\")/namespace(\"PSQI/Q5B\")/DataPoint(1492268466466)","time_requested":1492254000000,"time_completed":1492268466466,"value":{"Long":0}},{"namespace":"Corporation(5629499534213120)/Study(5692462144159744)/Subject(\"DUofMl\")/namespace(\"PSQI/Q5C\")/DataPoint(1490968328243)","time_requested":1490958000000,"time_completed":1490968328243,"value":{"Long":1}},{"namespace":"Corporation(5629499534213120)/Study(5692462144159744)/Subject(\"DUofMl\")/namespace(\"PSQI/Q5C\")/DataPoint(1492268471388)","time_requested":1492254000000,"time_completed":1492268471388,"value":{"Long":0}},{"namespace":"Corporation(5629499534213120)/Study(5692462144159744)/Subject(\"DUofMl\")/namespace(\"PSQI/Q5D\")/DataPoint(1490968330926)","time_requested":1490958000000,"time_completed":1490968330926,"value":{"Long":2}},{"namespace":"Corporation(5629499534213120)/Study(5692462144159744)/Subject(\"DUofMl\")/namespace(\"PSQI/Q5D\")/DataPoint(1492268477581)","time_requested":1492254000000,"time_completed":1492268477581,"value":{"Long":0}},{"namespace":"Corporation(5629499534213120)/Study(5692462144159744)/Subject(\"DUofMl\")/namespace(\"PSQI/Q5E\")/DataPoint(1490968332732)","time_requested":1490958000000,"time_completed":1490968332732,"value":{"Long":1}},{"namespace":"Corporation(5629499534213120)/Study(5692462144159744)/Subject(\"DUofMl\")/namespace(\"PSQI/Q5E\")/DataPoint(1492268482769)","time_requested":1492254000000,"time_completed":1492268482769,"value":{"Long":0}},{"namespace":"Corporation(5629499534213120)/Study(5692462144159744)/Subject(\"DUofMl\")/namespace(\"PSQI/Q5F\")/DataPoint(1490968334669)","time_requested":1490958000000,"time_completed":1490968334669,"value":{"Long":0}},{"namespace":"Corporation(5629499534213120)/Study(5692462144159744)/Subject(\"DUofMl\")/namespace(\"PSQI/Q5F\")/DataPoint(1492268486999)","time_requested":1492254000000,"time_completed":1492268486999,"value":{"Long":0}},{"namespace":"Corporation(5629499534213120)/Study(5692462144159744)/Subject(\"DUofMl\")/namespace(\"PSQI/Q5G\")/DataPoint(1490968336017)","time_requested":1490958000000,"time_completed":1490968336017,"value":{"Long":3}},{"namespace":"Corporation(5629499534213120)/Study(5692462144159744)/Subject(\"DUofMl\")/namespace(\"PSQI/Q5G\")/DataPoint(1492268489241)","time_requested":1492254000000,"time_completed":1492268489241,"value":{"Long":0}},{"namespace":"Corporation(5629499534213120)/Study(5692462144159744)/Subject(\"DUofMl\")/namespace(\"PSQI/Q5H\")/DataPoint(1490968338149)","time_requested":1490958000000,"time_completed":1490968338149,"value":{"Long":1}},{"namespace":"Corporation(5629499534213120)/Study(5692462144159744)/Subject(\"DUofMl\")/namespace(\"PSQI/Q5H\")/DataPoint(1492268493931)","time_requested":1492254000000,"time_completed":1492268493931,"value":{"Long":2}},{"namespace":"Corporation(5629499534213120)/Study(5692462144159744)/Subject(\"DUofMl\")/namespace(\"PSQI/Q5I\")/DataPoint(1490968339147)","time_requested":1490958000000,"time_completed":1490968339147,"value":{"Long":2}},{"namespace":"Corporation(5629499534213120)/Study(5692462144159744)/Subject(\"DUofMl\")/namespace(\"PSQI/Q5I\")/DataPoint(1492268498360)","time_requested":1492254000000,"time_completed":1492268498360,"value":{"Long":0}},{"namespace":"Corporation(5629499534213120)/Study(5692462144159744)/Subject(\"DUofMl\")/namespace(\"PSQI/Q6\")/DataPoint(1490968340416)","time_requested":1490958000000,"time_completed":1490968340416,"value":{"Long":2}},{"namespace":"Corporation(5629499534213120)/Study(5692462144159744)/Subject(\"DUofMl\")/namespace(\"PSQI/Q6\")/DataPoint(1492268502252)","time_requested":1492254000000,"time_completed":1492268502252,"value":{"Long":1}},{"namespace":"Corporation(5629499534213120)/Study(5692462144159744)/Subject(\"DUofMl\")/namespace(\"PSQI/Q7\")/DataPoint(1490968342469)","time_requested":1490958000000,"time_completed":1490968342469,"value":{"Long":0}},{"namespace":"Corporation(5629499534213120)/Study(5692462144159744)/Subject(\"DUofMl\")/namespace(\"PSQI/Q7\")/DataPoint(1492268506435)","time_requested":1492254000000,"time_completed":1492268506435,"value":{"Long":0}},{"namespace":"Corporation(5629499534213120)/Study(5692462144159744)/Subject(\"DUofMl\")/namespace(\"PSQI/Q8\")/DataPoint(1490968343542)","time_requested":1490958000000,"time_completed":1490968343542,"value":{"Long":1}},{"namespace":"Corporation(5629499534213120)/Study(5692462144159744)/Subject(\"DUofMl\")/namespace(\"PSQI/Q8\")/DataPoint(1492268514194)","time_requested":1492254000000,"time_completed":1492268514194,"value":{"Long":1}},{"namespace":"Corporation(5629499534213120)/Study(5692462144159744)/Subject(\"DUofMl\")/namespace(\"PSQI/Q9\")/DataPoint(1490968344607)","time_requested":1490958000000,"time_completed":1490968344607,"value":{"Long":1}},{"namespace":"Corporation(5629499534213120)/Study(5692462144159744)/Subject(\"DUofMl\")/namespace(\"PSQI/Q9\")/DataPoint(1492268519224)","time_requested":1492254000000,"time_completed":1492268519224,"value":{"Long":1}},{"namespace":"Corporation(5629499534213120)/Study(5692462144159744)/Subject(\"DUofMl\")/namespace(\"SIBDQ/Q1\")/DataPoint(1490968433892)","time_requested":1490958000000,"time_completed":1490968433892,"value":{"Long":3}},{"namespace":"Corporation(5629499534213120)/Study(5692462144159744)/Subject(\"DUofMl\")/namespace(\"SIBDQ/Q1\")/DataPoint(1492268535422)","time_requested":1492254000000,"time_completed":1492268535422,"value":{"Long":3}},{"namespace":"Corporation(5629499534213120)/Study(5692462144159744)/Subject(\"DUofMl\")/namespace(\"SIBDQ/Q10\")/DataPoint(1490968586636)","time_requested":1490958000000,"time_completed":1490968586636,"value":{"Long":4}},{"namespace":"Corporation(5629499534213120)/Study(5692462144159744)/Subject(\"DUofMl\")/namespace(\"SIBDQ/Q10\")/DataPoint(1492268617559)","time_requested":1492254000000,"time_completed":1492268617559,"value":{"Long":4}},{"namespace":"Corporation(5629499534213120)/Study(5692462144159744)/Subject(\"DUofMl\")/namespace(\"SIBDQ/Q2\")/DataPoint(1490968434857)","time_requested":1490958000000,"time_completed":1490968434857,"value":{"Long":3}},{"namespace":"Corporation(5629499534213120)/Study(5692462144159744)/Subject(\"DUofMl\")/namespace(\"SIBDQ/Q2\")/DataPoint(1492268539751)","time_requested":1492254000000,"time_completed":1492268539751,"value":{"Long":3}},{"namespace":"Corporation(5629499534213120)/Study(5692462144159744)/Subject(\"DUofMl\")/namespace(\"SIBDQ/Q3\")/DataPoint(1490968436366)","time_requested":1490958000000,"time_completed":1490968436366,"value":{"Long":6}},{"namespace":"Corporation(5629499534213120)/Study(5692462144159744)/Subject(\"DUofMl\")/namespace(\"SIBDQ/Q3\")/DataPoint(1492268571715)","time_requested":1492254000000,"time_completed":1492268571715,"value":{"Long":1}},{"namespace":"Corporation(5629499534213120)/Study(5692462144159744)/Subject(\"DUofMl\")/namespace(\"SIBDQ/Q4\")/DataPoint(1490968437394)","time_requested":1490958000000,"time_completed":1490968437394,"value":{"Long":4}},{"namespace":"Corporation(5629499534213120)/Study(5692462144159744)/Subject(\"DUofMl\")/namespace(\"SIBDQ/Q4\")/DataPoint(1492268578261)","time_requested":1492254000000,"time_completed":1492268578261,"value":{"Long":1}},{"namespace":"Corporation(5629499534213120)/Study(5692462144159744)/Subject(\"DUofMl\")/namespace(\"SIBDQ/Q5\")/DataPoint(1490968439274)","time_requested":1490958000000,"time_completed":1490968439274,"value":{"Long":4}},{"namespace":"Corporation(5629499534213120)/Study(5692462144159744)/Subject(\"DUofMl\")/namespace(\"SIBDQ/Q5\")/DataPoint(1492268581528)","time_requested":1492254000000,"time_completed":1492268581528,"value":{"Long":4}},{"namespace":"Corporation(5629499534213120)/Study(5692462144159744)/Subject(\"DUofMl\")/namespace(\"SIBDQ/Q6\")/DataPoint(1490968440768)","time_requested":1490958000000,"time_completed":1490968440768,"value":{"Long":3}},{"namespace":"Corporation(5629499534213120)/Study(5692462144159744)/Subject(\"DUofMl\")/namespace(\"SIBDQ/Q6\")/DataPoint(1492268586425)","time_requested":1492254000000,"time_completed":1492268586425,"value":{"Long":2}},{"namespace":"Corporation(5629499534213120)/Study(5692462144159744)/Subject(\"DUofMl\")/namespace(\"SIBDQ/Q7\")/DataPoint(1490968473111)","time_requested":1490958000000,"time_completed":1490968473111,"value":{"Long":3}},{"namespace":"Corporation(5629499534213120)/Study(5692462144159744)/Subject(\"DUofMl\")/namespace(\"SIBDQ/Q7\")/DataPoint(1492268591624)","time_requested":1492254000000,"time_completed":1492268591624,"value":{"Long":3}},{"namespace":"Corporation(5629499534213120)/Study(5692462144159744)/Subject(\"DUofMl\")/namespace(\"SIBDQ/Q8\")/DataPoint(1490968480976)","time_requested":1490958000000,"time_completed":1490968480976,"value":{"Long":1}},{"namespace":"Corporation(5629499534213120)/Study(5692462144159744)/Subject(\"DUofMl\")/namespace(\"SIBDQ/Q8\")/DataPoint(1492268596299)","time_requested":1492254000000,"time_completed":1492268596299,"value":{"Long":2}},{"namespace":"Corporation(5629499534213120)/Study(5692462144159744)/Subject(\"DUofMl\")/namespace(\"SIBDQ/Q9\")/DataPoint(1490968526092)","time_requested":1490958000000,"time_completed":1490968526092,"value":{"Long":3}},{"namespace":"Corporation(5629499534213120)/Study(5692462144159744)/Subject(\"DUofMl\")/namespace(\"SIBDQ/Q9\")/DataPoint(1492268612670)","time_requested":1492254000000,"time_completed":1492268612670,"value":{"Long":2}},{"namespace":"Corporation(5629499534213120)/Study(5692462144159744)/Subject(\"DUofMl\")/namespace(\"SleepQualityVAS\")/DataPoint(1490968305544)","time_requested":1490954400000,"time_completed":1490968305544,"value":{"Long":73}},{"namespace":"Corporation(5629499534213120)/Study(5692462144159744)/Subject(\"DUofMl\")/namespace(\"SleepQualityVAS\")/DataPoint(1491168358746)","time_requested":1491127200000,"time_completed":1491168358746,"value":{"Long":74}},{"namespace":"Corporation(5629499534213120)/Study(5692462144159744)/Subject(\"DUofMl\")/namespace(\"SleepQualityVAS\")/DataPoint(1491221355013)","time_requested":1491213600000,"time_completed":1491221355013,"value":{"Long":73}},{"namespace":"Corporation(5629499534213120)/Study(5692462144159744)/Subject(\"DUofMl\")/namespace(\"SleepQualityVAS\")/DataPoint(1491310592108)","time_requested":1491300000000,"time_completed":1491310592108,"value":{"Long":68}},{"namespace":"Corporation(5629499534213120)/Study(5692462144159744)/Subject(\"DUofMl\")/namespace(\"SleepQualityVAS\")/DataPoint(1491394448847)","time_requested":1491386400000,"time_completed":1491394448847,"value":{"Long":76}},{"namespace":"Corporation(5629499534213120)/Study(5692462144159744)/Subject(\"DUofMl\")/namespace(\"SleepQualityVAS\")/DataPoint(1491656337801)","time_requested":1491645600000,"time_completed":1491656337801,"value":{"Long":64}},{"namespace":"Corporation(5629499534213120)/Study(5692462144159744)/Subject(\"DUofMl\")/namespace(\"SleepQualityVAS\")/DataPoint(1491833993427)","time_requested":1491818400000,"time_completed":1491833993427,"value":{"Long":64}},{"namespace":"Corporation(5629499534213120)/Study(5692462144159744)/Subject(\"DUofMl\")/namespace(\"SleepQualityVAS\")/DataPoint(1491913040882)","time_requested":1491904800000,"time_completed":1491913040882,"value":{"Long":64}},{"namespace":"Corporation(5629499534213120)/Study(5692462144159744)/Subject(\"DUofMl\")/namespace(\"SleepQualityVAS\")/DataPoint(1491999231037)","time_requested":1491991200000,"time_completed":1491999231037,"value":{"Long":79}},{"namespace":"Corporation(5629499534213120)/Study(5692462144159744)/Subject(\"DUofMl\")/namespace(\"SleepQualityVAS\")/DataPoint(1492087492543)","time_requested":1492077600000,"time_completed":1492087492543,"value":{"Long":69}},{"namespace":"Corporation(5629499534213120)/Study(5692462144159744)/Subject(\"DUofMl\")/namespace(\"SleepQualityVAS\")/DataPoint(1492174350665)","time_requested":1492164000000,"time_completed":1492174350665,"value":{"Long":61}},{"namespace":"Corporation(5629499534213120)/Study(5692462144159744)/Subject(\"DUofMl\")/namespace(\"SleepQualityVAS\")/DataPoint(1492268399407)","time_requested":1492250400000,"time_completed":1492268399407,"value":{"Long":71}},{"namespace":"Corporation(5629499534213120)/Study(5692462144159744)/Subject(\"DUofMl\")/namespace(\"SleepQualityVAS\")/DataPoint(1492430738735)","time_requested":1492423200000,"time_completed":1492430738735,"value":{"Long":60}},{"namespace":"Corporation(5629499534213120)/Study(5692462144159744)/Subject(\"DUofMl\")/namespace(\"SleepQualityVAS\")/DataPoint(1492517242935)","time_requested":1492509600000,"time_completed":1492517242935,"value":{"Long":71}},{"namespace":"Corporation(5629499534213120)/Study(5692462144159744)/Subject(\"DUofMl\")/namespace(\"SleepQualityVAS\")/DataPoint(1492785446955)","time_requested":1492768800000,"time_completed":1492785446955,"value":{"Long":74}},{"namespace":"Corporation(5629499534213120)/Study(5692462144159744)/Subject(\"DUofMl\")/namespace(\"SleepQualityVAS\")/DataPoint(1492957026745)","time_requested":1492941600000,"time_completed":1492957026745,"value":{"Long":61}},{"namespace":"Corporation(5629499534213120)/Study(5692462144159744)/Subject(\"DUofMl\")/namespace(\"SleepQualityVAS\")/DataPoint(1493039135968)","time_requested":1493028000000,"time_completed":1493039135968,"value":{"Long":72}},{"namespace":"Corporation(5629499534213120)/Study(5692462144159744)/Subject(\"DUofMl\")/namespace(\"SleepQualityVAS\")/DataPoint(1493122480176)","time_requested":1493114400000,"time_completed":1493122480176,"value":{"Long":65}},{"namespace":"Corporation(5629499534213120)/Study(5692462144159744)/Subject(\"DUofMl\")/namespace(\"SleepQualityVAS\")/DataPoint(1493235441151)","time_requested":1493200800000,"time_completed":1493235441151,"value":{"Long":68}},{"namespace":"Corporation(5629499534213120)/Study(5692462144159744)/Subject(\"DUofMl\")/namespace(\"SleepQualityVAS\")/DataPoint(1493397059643)","time_requested":1493373600000,"time_completed":1493397059643,"value":{"Long":61}},{"namespace":"Corporation(5629499534213120)/Study(5692462144159744)/Subject(\"DUofMl\")/namespace(\"SleepQualityVAS\")/DataPoint(1493500305517)","time_requested":1493460000000,"time_completed":1493500305517,"value":{"Long":62}},{"namespace":"Corporation(5629499534213120)/Study(5692462144159744)/Subject(\"DUofMl\")/namespace(\"SleepQualityVAS\")/DataPoint(1493747326244)","time_requested":1493719200000,"time_completed":1493747326244,"value":{"Long":69}},{"namespace":"Corporation(5629499534213120)/Study(5692462144159744)/Subject(\"DUofMl\")/namespace(\"SleepQualityVAS\")/DataPoint(1494426754282)","time_requested":1494410400000,"time_completed":1494426754282,"value":{"Long":68}},{"namespace":"Corporation(5629499534213120)/Study(5692462144159744)/Subject(\"DUofMl\")/namespace(\"SleepQualityVAS\")/DataPoint(1494534751205)","time_requested":1494496800000,"time_completed":1494534751205,"value":{"Long":60}},{"namespace":"Corporation(5629499534213120)/Study(5692462144159744)/Subject(\"DUofMl\")/namespace(\"SliderDemo\")/DataPoint(1490907841794)","time_requested":1490857200000,"time_completed":1490907841794,"value":{"Long":70}},{"namespace":"Corporation(5629499534213120)/Study(5692462144159744)/Subject(\"DUofMl\")/namespace(\"SubjectGlobalAssessmentVAS\")/DataPoint(1490968307534)","time_requested":1490954400000,"time_completed":1490968307534,"value":{"Long":71}},{"namespace":"Corporation(5629499534213120)/Study(5692462144159744)/Subject(\"DUofMl\")/namespace(\"SubjectGlobalAssessmentVAS\")/DataPoint(1491168361875)","time_requested":1491127200000,"time_completed":1491168361875,"value":{"Long":69}},{"namespace":"Corporation(5629499534213120)/Study(5692462144159744)/Subject(\"DUofMl\")/namespace(\"SubjectGlobalAssessmentVAS\")/DataPoint(1491221357315)","time_requested":1491213600000,"time_completed":1491221357315,"value":{"Long":71}},{"namespace":"Corporation(5629499534213120)/Study(5692462144159744)/Subject(\"DUofMl\")/namespace(\"SubjectGlobalAssessmentVAS\")/DataPoint(1491310594996)","time_requested":1491300000000,"time_completed":1491310594996,"value":{"Long":66}},{"namespace":"Corporation(5629499534213120)/Study(5692462144159744)/Subject(\"DUofMl\")/namespace(\"SubjectGlobalAssessmentVAS\")/DataPoint(1491394451269)","time_requested":1491386400000,"time_completed":1491394451269,"value":{"Long":70}},{"namespace":"Corporation(5629499534213120)/Study(5692462144159744)/Subject(\"DUofMl\")/namespace(\"SubjectGlobalAssessmentVAS\")/DataPoint(1491486561731)","time_requested":1491472800000,"time_completed":1491486561731,"value":{"Long":67}},{"namespace":"Corporation(5629499534213120)/Study(5692462144159744)/Subject(\"DUofMl\")/namespace(\"SubjectGlobalAssessmentVAS\")/DataPoint(1491656340702)","time_requested":1491645600000,"time_completed":1491656340702,"value":{"Long":64}},{"namespace":"Corporation(5629499534213120)/Study(5692462144159744)/Subject(\"DUofMl\")/namespace(\"SubjectGlobalAssessmentVAS\")/DataPoint(1491833996417)","time_requested":1491818400000,"time_completed":1491833996417,"value":{"Long":67}},{"namespace":"Corporation(5629499534213120)/Study(5692462144159744)/Subject(\"DUofMl\")/namespace(\"SubjectGlobalAssessmentVAS\")/DataPoint(1491913043940)","time_requested":1491904800000,"time_completed":1491913043940,"value":{"Long":62}},{"namespace":"Corporation(5629499534213120)/Study(5692462144159744)/Subject(\"DUofMl\")/namespace(\"SubjectGlobalAssessmentVAS\")/DataPoint(1491999237944)","time_requested":1491991200000,"time_completed":1491999237944,"value":{"Long":73}},{"namespace":"Corporation(5629499534213120)/Study(5692462144159744)/Subject(\"DUofMl\")/namespace(\"SubjectGlobalAssessmentVAS\")/DataPoint(1492174353635)","time_requested":1492164000000,"time_completed":1492174353635,"value":{"Long":70}},{"namespace":"Corporation(5629499534213120)/Study(5692462144159744)/Subject(\"DUofMl\")/namespace(\"SubjectGlobalAssessmentVAS\")/DataPoint(1492268402875)","time_requested":1492250400000,"time_completed":1492268402875,"value":{"Long":76}},{"namespace":"Corporation(5629499534213120)/Study(5692462144159744)/Subject(\"DUofMl\")/namespace(\"SubjectGlobalAssessmentVAS\")/DataPoint(1492430741044)","time_requested":1492423200000,"time_completed":1492430741044,"value":{"Long":66}},{"namespace":"Corporation(5629499534213120)/Study(5692462144159744)/Subject(\"DUofMl\")/namespace(\"SubjectGlobalAssessmentVAS\")/DataPoint(1492517254534)","time_requested":1492509600000,"time_completed":1492517254534,"value":{"Long":70}},{"namespace":"Corporation(5629499534213120)/Study(5692462144159744)/Subject(\"DUofMl\")/namespace(\"SubjectGlobalAssessmentVAS\")/DataPoint(1492785459758)","time_requested":1492768800000,"time_completed":1492785459758,"value":{"Long":69}},{"namespace":"Corporation(5629499534213120)/Study(5692462144159744)/Subject(\"DUofMl\")/namespace(\"SubjectGlobalAssessmentVAS\")/DataPoint(1492957029683)","time_requested":1492941600000,"time_completed":1492957029683,"value":{"Long":61}},{"namespace":"Corporation(5629499534213120)/Study(5692462144159744)/Subject(\"DUofMl\")/namespace(\"SubjectGlobalAssessmentVAS\")/DataPoint(1493039138740)","time_requested":1493028000000,"time_completed":1493039138740,"value":{"Long":67}},{"namespace":"Corporation(5629499534213120)/Study(5692462144159744)/Subject(\"DUofMl\")/namespace(\"SubjectGlobalAssessmentVAS\")/DataPoint(1493122485026)","time_requested":1493114400000,"time_completed":1493122485026,"value":{"Long":70}},{"namespace":"Corporation(5629499534213120)/Study(5692462144159744)/Subject(\"DUofMl\")/namespace(\"SubjectGlobalAssessmentVAS\")/DataPoint(1493235448903)","time_requested":1493200800000,"time_completed":1493235448903,"value":{"Long":71}},{"namespace":"Corporation(5629499534213120)/Study(5692462144159744)/Subject(\"DUofMl\")/namespace(\"SubjectGlobalAssessmentVAS\")/DataPoint(1493397062319)","time_requested":1493373600000,"time_completed":1493397062319,"value":{"Long":59}},{"namespace":"Corporation(5629499534213120)/Study(5692462144159744)/Subject(\"DUofMl\")/namespace(\"SubjectGlobalAssessmentVAS\")/DataPoint(1493500308554)","time_requested":1493460000000,"time_completed":1493500308554,"value":{"Long":70}},{"namespace":"Corporation(5629499534213120)/Study(5692462144159744)/Subject(\"DUofMl\")/namespace(\"SubjectGlobalAssessmentVAS\")/DataPoint(1493747329287)","time_requested":1493719200000,"time_completed":1493747329287,"value":{"Long":66}},{"namespace":"Corporation(5629499534213120)/Study(5692462144159744)/Subject(\"DUofMl\")/namespace(\"SubjectGlobalAssessmentVAS\")/DataPoint(1494426757241)","time_requested":1494410400000,"time_completed":1494426757241,"value":{"Long":72}},{"namespace":"Corporation(5629499534213120)/Study(5692462144159744)/Subject(\"DUofMl\")/namespace(\"SubjectGlobalAssessmentVAS\")/DataPoint(1494534755450)","time_requested":1494496800000,"time_completed":1494534755450,"value":{"Long":67}},{"namespace":"Corporation(5629499534213120)/Study(5692462144159744)/Subject(\"DUofMl\")/namespace(\"SubjectGlobalAssessmentVAS\")/DataPoint(1494625228463)","time_requested":1494583200000,"time_completed":1494625228463,"value":{"Long":67}},{"namespace":"Corporation(5629499534213120)/Study(5692462144159744)/Subject(\"DUofMl\")/namespace(\"SurveyDemo/Q1\")/DataPoint(1490907859967)","time_requested":1490857200000,"time_completed":1490907859967,"value":{"Long":1}},{"namespace":"Corporation(5629499534213120)/Study(5692462144159744)/Subject(\"DUofMl\")/namespace(\"SurveyDemo/Q2\")/DataPoint(1490907864737)","time_requested":1490857200000,"time_completed":1490907864737,"value":{"Long":3}},{"namespace":"Corporation(5629499534213120)/Study(5692462144159744)/Subject(\"DUofMl\")/namespace(\"WongBaker\")/DataPoint(1490968302289)","time_requested":1490954400000,"time_completed":1490968302289,"value":{"Long":1}},{"namespace":"Corporation(5629499534213120)/Study(5692462144159744)/Subject(\"DUofMl\")/namespace(\"WongBaker\")/DataPoint(1491168367558)","time_requested":1491127200000,"time_completed":1491168367558,"value":{"Long":1}},{"namespace":"Corporation(5629499534213120)/Study(5692462144159744)/Subject(\"DUofMl\")/namespace(\"WongBaker\")/DataPoint(1491221358330)","time_requested":1491213600000,"time_completed":1491221358330,"value":{"Long":1}},{"namespace":"Corporation(5629499534213120)/Study(5692462144159744)/Subject(\"DUofMl\")/namespace(\"WongBaker\")/DataPoint(1491310597572)","time_requested":1491300000000,"time_completed":1491310597572,"value":{"Long":1}},{"namespace":"Corporation(5629499534213120)/Study(5692462144159744)/Subject(\"DUofMl\")/namespace(\"WongBaker\")/DataPoint(1491394454072)","time_requested":1491386400000,"time_completed":1491394454072,"value":{"Long":1}},{"namespace":"Corporation(5629499534213120)/Study(5692462144159744)/Subject(\"DUofMl\")/namespace(\"WongBaker\")/DataPoint(1491486563029)","time_requested":1491472800000,"time_completed":1491486563029,"value":{"Long":1}},{"namespace":"Corporation(5629499534213120)/Study(5692462144159744)/Subject(\"DUofMl\")/namespace(\"WongBaker\")/DataPoint(1491656343625)","time_requested":1491645600000,"time_completed":1491656343625,"value":{"Long":2}},{"namespace":"Corporation(5629499534213120)/Study(5692462144159744)/Subject(\"DUofMl\")/namespace(\"WongBaker\")/DataPoint(1491833997894)","time_requested":1491818400000,"time_completed":1491833997894,"value":{"Long":0}},{"namespace":"Corporation(5629499534213120)/Study(5692462144159744)/Subject(\"DUofMl\")/namespace(\"WongBaker\")/DataPoint(1491913046620)","time_requested":1491904800000,"time_completed":1491913046620,"value":{"Long":1}},{"namespace":"Corporation(5629499534213120)/Study(5692462144159744)/Subject(\"DUofMl\")/namespace(\"WongBaker\")/DataPoint(1491999241513)","time_requested":1491991200000,"time_completed":1491999241513,"value":{"Long":1}},{"namespace":"Corporation(5629499534213120)/Study(5692462144159744)/Subject(\"DUofMl\")/namespace(\"WongBaker\")/DataPoint(1492174356177)","time_requested":1492164000000,"time_completed":1492174356177,"value":{"Long":1}},{"namespace":"Corporation(5629499534213120)/Study(5692462144159744)/Subject(\"DUofMl\")/namespace(\"WongBaker\")/DataPoint(1492268405437)","time_requested":1492250400000,"time_completed":1492268405437,"value":{"Long":1}},{"namespace":"Corporation(5629499534213120)/Study(5692462144159744)/Subject(\"DUofMl\")/namespace(\"WongBaker\")/DataPoint(1492430743422)","time_requested":1492423200000,"time_completed":1492430743422,"value":{"Long":1}},{"namespace":"Corporation(5629499534213120)/Study(5692462144159744)/Subject(\"DUofMl\")/namespace(\"WongBaker\")/DataPoint(1492517256699)","time_requested":1492509600000,"time_completed":1492517256699,"value":{"Long":1}},{"namespace":"Corporation(5629499534213120)/Study(5692462144159744)/Subject(\"DUofMl\")/namespace(\"WongBaker\")/DataPoint(1492785461079)","time_requested":1492768800000,"time_completed":1492785461079,"value":{"Long":2}},{"namespace":"Corporation(5629499534213120)/Study(5692462144159744)/Subject(\"DUofMl\")/namespace(\"WongBaker\")/DataPoint(1492957032369)","time_requested":1492941600000,"time_completed":1492957032369,"value":{"Long":1}},{"namespace":"Corporation(5629499534213120)/Study(5692462144159744)/Subject(\"DUofMl\")/namespace(\"WongBaker\")/DataPoint(1493039139907)","time_requested":1493028000000,"time_completed":1493039139907,"value":{"Long":0}},{"namespace":"Corporation(5629499534213120)/Study(5692462144159744)/Subject(\"DUofMl\")/namespace(\"WongBaker\")/DataPoint(1493122487738)","time_requested":1493114400000,"time_completed":1493122487738,"value":{"Long":2}},{"namespace":"Corporation(5629499534213120)/Study(5692462144159744)/Subject(\"DUofMl\")/namespace(\"WongBaker\")/DataPoint(1493235452666)","time_requested":1493200800000,"time_completed":1493235452666,"value":{"Long":1}},{"namespace":"Corporation(5629499534213120)/Study(5692462144159744)/Subject(\"DUofMl\")/namespace(\"WongBaker\")/DataPoint(1493397065338)","time_requested":1493373600000,"time_completed":1493397065338,"value":{"Long":0}},{"namespace":"Corporation(5629499534213120)/Study(5692462144159744)/Subject(\"DUofMl\")/namespace(\"WongBaker\")/DataPoint(1493500312292)","time_requested":1493460000000,"time_completed":1493500312292,"value":{"Long":0}},{"namespace":"Corporation(5629499534213120)/Study(5692462144159744)/Subject(\"DUofMl\")/namespace(\"WongBaker\")/DataPoint(1493747333122)","time_requested":1493719200000,"time_completed":1493747333122,"value":{"Long":1}},{"namespace":"Corporation(5629499534213120)/Study(5692462144159744)/Subject(\"DUofMl\")/namespace(\"WongBaker\")/DataPoint(1494426759862)","time_requested":1494410400000,"time_completed":1494426759862,"value":{"Long":1}},{"namespace":"Corporation(5629499534213120)/Study(5692462144159744)/Subject(\"DUofMl\")/namespace(\"WongBaker\")/DataPoint(1494534757657)","time_requested":1494496800000,"time_completed":1494534757657,"value":{"Long":2}},{"namespace":"Corporation(5629499534213120)/Study(5692462144159744)/Subject(\"DUofMl\")/namespace(\"WongBaker\")/DataPoint(1494625233381)","time_requested":1494583200000,"time_completed":1494625233381,"value":{"Long":1}},{"namespace":"Corporation(5629499534213120)/Study(5692462144159744)/Subject(\"GkSpuD\")/namespace(\"ImageChoiceDemo\")/DataPoint(1490807233956)","time_requested":1490770800000,"time_completed":1490807233956,"value":{"Long":2}},{"namespace":"Corporation(5629499534213120)/Study(5692462144159744)/Subject(\"GkSpuD\")/namespace(\"PSQI/Q1\")/DataPoint(1493672167579)","time_requested":1493463600000,"time_completed":1493672167579,"value":{"Long":1}},{"namespace":"Corporation(5629499534213120)/Study(5692462144159744)/Subject(\"GkSpuD\")/namespace(\"PSQI/Q10\")/DataPoint(1493672257437)","time_requested":1493463600000,"time_completed":1493672257437,"value":{"Long":1}},{"namespace":"Corporation(5629499534213120)/Study(5692462144159744)/Subject(\"GkSpuD\")/namespace(\"PSQI/Q2\")/DataPoint(1493672176388)","time_requested":1493463600000,"time_completed":1493672176388,"value":{"Long":1}},{"namespace":"Corporation(5629499534213120)/Study(5692462144159744)/Subject(\"GkSpuD\")/namespace(\"PSQI/Q3\")/DataPoint(1493672183412)","time_requested":1493463600000,"time_completed":1493672183412,"value":{"Long":1}},{"namespace":"Corporation(5629499534213120)/Study(5692462144159744)/Subject(\"GkSpuD\")/namespace(\"PSQI/Q4\")/DataPoint(1493672191183)","time_requested":1493463600000,"time_completed":1493672191183,"value":{"Long":4}},{"namespace":"Corporation(5629499534213120)/Study(5692462144159744)/Subject(\"GkSpuD\")/namespace(\"PSQI/Q5A\")/DataPoint(1493672198597)","time_requested":1493463600000,"time_completed":1493672198597,"value":{"Long":0}},{"namespace":"Corporation(5629499534213120)/Study(5692462144159744)/Subject(\"GkSpuD\")/namespace(\"PSQI/Q5B\")/DataPoint(1493672203131)","time_requested":1493463600000,"time_completed":1493672203131,"value":{"Long":1}},{"namespace":"Corporation(5629499534213120)/Study(5692462144159744)/Subject(\"GkSpuD\")/namespace(\"PSQI/Q5C\")/DataPoint(1493672207679)","time_requested":1493463600000,"time_completed":1493672207679,"value":{"Long":1}},{"namespace":"Corporation(5629499534213120)/Study(5692462144159744)/Subject(\"GkSpuD\")/namespace(\"PSQI/Q5D\")/DataPoint(1493672211720)","time_requested":1493463600000,"time_completed":1493672211720,"value":{"Long":0}},{"namespace":"Corporation(5629499534213120)/Study(5692462144159744)/Subject(\"GkSpuD\")/namespace(\"PSQI/Q5E\")/DataPoint(1493672215200)","time_requested":1493463600000,"time_completed":1493672215200,"value":{"Long":0}},{"namespace":"Corporation(5629499534213120)/Study(5692462144159744)/Subject(\"GkSpuD\")/namespace(\"PSQI/Q5F\")/DataPoint(1493672220216)","time_requested":1493463600000,"time_completed":1493672220216,"value":{"Long":0}},{"namespace":"Corporation(5629499534213120)/Study(5692462144159744)/Subject(\"GkSpuD\")/namespace(\"PSQI/Q5G\")/DataPoint(1493672222926)","time_requested":1493463600000,"time_completed":1493672222926,"value":{"Long":0}},{"namespace":"Corporation(5629499534213120)/Study(5692462144159744)/Subject(\"GkSpuD\")/namespace(\"PSQI/Q5H\")/DataPoint(1493672227058)","time_requested":1493463600000,"time_completed":1493672227058,"value":{"Long":0}},{"namespace":"Corporation(5629499534213120)/Study(5692462144159744)/Subject(\"GkSpuD\")/namespace(\"PSQI/Q5I\")/DataPoint(1493672231476)","time_requested":1493463600000,"time_completed":1493672231476,"value":{"Long":1}},{"namespace":"Corporation(5629499534213120)/Study(5692462144159744)/Subject(\"GkSpuD\")/namespace(\"PSQI/Q6\")/DataPoint(1493672235383)","time_requested":1493463600000,"time_completed":1493672235383,"value":{"Long":1}},{"namespace":"Corporation(5629499534213120)/Study(5692462144159744)/Subject(\"GkSpuD\")/namespace(\"PSQI/Q7\")/DataPoint(1493672239448)","time_requested":1493463600000,"time_completed":1493672239448,"value":{"Long":0}},{"namespace":"Corporation(5629499534213120)/Study(5692462144159744)/Subject(\"GkSpuD\")/namespace(\"PSQI/Q8\")/DataPoint(1493672245700)","time_requested":1493463600000,"time_completed":1493672245700,"value":{"Long":0}},{"namespace":"Corporation(5629499534213120)/Study(5692462144159744)/Subject(\"GkSpuD\")/namespace(\"PSQI/Q9\")/DataPoint(1493672252396)","time_requested":1493463600000,"time_completed":1493672252396,"value":{"Long":0}},{"namespace":"Corporation(5629499534213120)/Study(5692462144159744)/Subject(\"GkSpuD\")/namespace(\"SIBDQ/Q1\")/DataPoint(1493672321429)","time_requested":1493463600000,"time_completed":1493672321429,"value":{"Long":5}},{"namespace":"Corporation(5629499534213120)/Study(5692462144159744)/Subject(\"GkSpuD\")/namespace(\"SIBDQ/Q10\")/DataPoint(1493672388508)","time_requested":1493463600000,"time_completed":1493672388508,"value":{"Long":4}},{"namespace":"Corporation(5629499534213120)/Study(5692462144159744)/Subject(\"GkSpuD\")/namespace(\"SIBDQ/Q2\")/DataPoint(1493672328542)","time_requested":1493463600000,"time_completed":1493672328542,"value":{"Long":4}},{"namespace":"Corporation(5629499534213120)/Study(5692462144159744)/Subject(\"GkSpuD\")/namespace(\"SIBDQ/Q3\")/DataPoint(1493672337113)","time_requested":1493463600000,"time_completed":1493672337113,"value":{"Long":4}},{"namespace":"Corporation(5629499534213120)/Study(5692462144159744)/Subject(\"GkSpuD\")/namespace(\"SIBDQ/Q4\")/DataPoint(1493672344017)","time_requested":1493463600000,"time_completed":1493672344017,"value":{"Long":2}},{"namespace":"Corporation(5629499534213120)/Study(5692462144159744)/Subject(\"GkSpuD\")/namespace(\"SIBDQ/Q5\")/DataPoint(1493672349320)","time_requested":1493463600000,"time_completed":1493672349320,"value":{"Long":4}},{"namespace":"Corporation(5629499534213120)/Study(5692462144159744)/Subject(\"GkSpuD\")/namespace(\"SIBDQ/Q6\")/DataPoint(1493672355363)","time_requested":1493463600000,"time_completed":1493672355363,"value":{"Long":4}},{"namespace":"Corporation(5629499534213120)/Study(5692462144159744)/Subject(\"GkSpuD\")/namespace(\"SIBDQ/Q7\")/DataPoint(1493672364495)","time_requested":1493463600000,"time_completed":1493672364495,"value":{"Long":5}},{"namespace":"Corporation(5629499534213120)/Study(5692462144159744)/Subject(\"GkSpuD\")/namespace(\"SIBDQ/Q8\")/DataPoint(1493672374414)","time_requested":1493463600000,"time_completed":1493672374414,"value":{"Long":1}},{"namespace":"Corporation(5629499534213120)/Study(5692462144159744)/Subject(\"GkSpuD\")/namespace(\"SIBDQ/Q9\")/DataPoint(1493672381657)","time_requested":1493463600000,"time_completed":1493672381657,"value":{"Long":4}},{"namespace":"Corporation(5629499534213120)/Study(5692462144159744)/Subject(\"GkSpuD\")/namespace(\"SleepQualityVAS\")/DataPoint(1493309610237)","time_requested":1493287200000,"time_completed":1493309610237,"value":{"Long":19}},{"namespace":"Corporation(5629499534213120)/Study(5692462144159744)/Subject(\"GkSpuD\")/namespace(\"SleepQualityVAS\")/DataPoint(1493672285436)","time_requested":1493632800000,"time_completed":1493672285436,"value":{"Long":74}},{"namespace":"Corporation(5629499534213120)/Study(5692462144159744)/Subject(\"GkSpuD\")/namespace(\"SleepQualityVAS\")/DataPoint(1493747218199)","time_requested":1493719200000,"time_completed":1493747218199,"value":{"Long":83}},{"namespace":"Corporation(5629499534213120)/Study(5692462144159744)/Subject(\"GkSpuD\")/namespace(\"SliderDemo\")/DataPoint(1490807182027)","time_requested":1490770800000,"time_completed":1490807182027,"value":{"Long":70}},{"namespace":"Corporation(5629499534213120)/Study(5692462144159744)/Subject(\"GkSpuD\")/namespace(\"SubjectGlobalAssessmentVAS\")/DataPoint(1493309615523)","time_requested":1493287200000,"time_completed":1493309615523,"value":{"Long":25}},{"namespace":"Corporation(5629499534213120)/Study(5692462144159744)/Subject(\"GkSpuD\")/namespace(\"SubjectGlobalAssessmentVAS\")/DataPoint(1493672292996)","time_requested":1493632800000,"time_completed":1493672292996,"value":{"Long":73}},{"namespace":"Corporation(5629499534213120)/Study(5692462144159744)/Subject(\"GkSpuD\")/namespace(\"SubjectGlobalAssessmentVAS\")/DataPoint(1493747223403)","time_requested":1493719200000,"time_completed":1493747223403,"value":{"Long":82}},{"namespace":"Corporation(5629499534213120)/Study(5692462144159744)/Subject(\"GkSpuD\")/namespace(\"SurveyDemo/Q1\")/DataPoint(1490807208398)","time_requested":1490770800000,"time_completed":1490807208398,"value":{"Long":2}},{"namespace":"Corporation(5629499534213120)/Study(5692462144159744)/Subject(\"GkSpuD\")/namespace(\"SurveyDemo/Q2\")/DataPoint(1490807218854)","time_requested":1490770800000,"time_completed":1490807218854,"value":{"Long":5}},{"namespace":"Corporation(5629499534213120)/Study(5692462144159744)/Subject(\"GkSpuD\")/namespace(\"WongBaker\")/DataPoint(1493309620574)","time_requested":1493287200000,"time_completed":1493309620574,"value":{"Long":1}},{"namespace":"Corporation(5629499534213120)/Study(5692462144159744)/Subject(\"GkSpuD\")/namespace(\"WongBaker\")/DataPoint(1493672299101)","time_requested":1493632800000,"time_completed":1493672299101,"value":{"Long":0}},{"namespace":"Corporation(5629499534213120)/Study(5692462144159744)/Subject(\"GkSpuD\")/namespace(\"WongBaker\")/DataPoint(1493747227723)","time_requested":1493719200000,"time_completed":1493747227723,"value":{"Long":1}},{"namespace":"Corporation(5629499534213120)/Study(5692462144159744)/Subject(\"oYcRTB\")/namespace(\"ImageChoiceDemo\")/DataPoint(1491221437915)","time_requested":1491202800000,"time_completed":1491221437915,"value":{"Long":0}},{"namespace":"Corporation(5629499534213120)/Study(5692462144159744)/Subject(\"oYcRTB\")/namespace(\"SleepQualityVAS\")/DataPoint(1491825225258)","time_requested":1491818400000,"time_completed":1491825225258,"value":{"Long":50}},{"namespace":"Corporation(5629499534213120)/Study(5692462144159744)/Subject(\"oYcRTB\")/namespace(\"SliderDemo\")/DataPoint(1491220564787)","time_requested":1491202800000,"time_completed":1491220564787,"value":{"Long":100}},{"namespace":"Corporation(5629499534213120)/Study(5692462144159744)/Subject(\"oYcRTB\")/namespace(\"SubjectGlobalAssessmentVAS\")/DataPoint(1491825233237)","time_requested":1491818400000,"time_completed":1491825233237,"value":{"Long":59}},{"namespace":"Corporation(5629499534213120)/Study(5692462144159744)/Subject(\"oYcRTB\")/namespace(\"SurveyDemo/Q1\")/DataPoint(1491221421980)","time_requested":1491202800000,"time_completed":1491221421980,"value":{"Long":1}},{"namespace":"Corporation(5629499534213120)/Study(5692462144159744)/Subject(\"oYcRTB\")/namespace(\"SurveyDemo/Q2\")/DataPoint(1491221432079)","time_requested":1491202800000,"time_completed":1491221432079,"value":{"Long":2}},{"namespace":"Corporation(5629499534213120)/Study(5692462144159744)/Subject(\"oYcRTB\")/namespace(\"WongBaker\")/DataPoint(1491825236429)","time_requested":1491818400000,"time_completed":1491825236429,"value":{"Long":0}},{"namespace":"Corporation(5629499534213120)/Study(5692462144159744)/Subject(\"tidyiP\")/namespace(\"SIBDQ/Q1\")/DataPoint(1493652886802)","time_requested":1493377200000,"time_completed":1493652886802,"value":{"Long":4}},{"namespace":"Corporation(5629499534213120)/Study(5692462144159744)/Subject(\"tidyiP\")/namespace(\"SIBDQ/Q10\")/DataPoint(1493653007590)","time_requested":1493377200000,"time_completed":1493653007590,"value":{"Long":4}},{"namespace":"Corporation(5629499534213120)/Study(5692462144159744)/Subject(\"tidyiP\")/namespace(\"SIBDQ/Q2\")/DataPoint(1493652888539)","time_requested":1493377200000,"time_completed":1493652888539,"value":{"Long":4}},{"namespace":"Corporation(5629499534213120)/Study(5692462144159744)/Subject(\"tidyiP\")/namespace(\"SIBDQ/Q3\")/DataPoint(1493652890573)","time_requested":1493377200000,"time_completed":1493652890573,"value":{"Long":4}},{"namespace":"Corporation(5629499534213120)/Study(5692462144159744)/Subject(\"tidyiP\")/namespace(\"SIBDQ/Q4\")/DataPoint(1493652899241)","time_requested":1493377200000,"time_completed":1493652899241,"value":{"Long":4}},{"namespace":"Corporation(5629499534213120)/Study(5692462144159744)/Subject(\"tidyiP\")/namespace(\"SIBDQ/Q5\")/DataPoint(1493652905399)","time_requested":1493377200000,"time_completed":1493652905399,"value":{"Long":4}},{"namespace":"Corporation(5629499534213120)/Study(5692462144159744)/Subject(\"tidyiP\")/namespace(\"SIBDQ/Q6\")/DataPoint(1493652921608)","time_requested":1493377200000,"time_completed":1493652921608,"value":{"Long":4}},{"namespace":"Corporation(5629499534213120)/Study(5692462144159744)/Subject(\"tidyiP\")/namespace(\"SIBDQ/Q7\")/DataPoint(1493652940084)","time_requested":1493377200000,"time_completed":1493652940084,"value":{"Long":4}},{"namespace":"Corporation(5629499534213120)/Study(5692462144159744)/Subject(\"tidyiP\")/namespace(\"SIBDQ/Q8\")/DataPoint(1493652967099)","time_requested":1493377200000,"time_completed":1493652967099,"value":{"Long":1}},{"namespace":"Corporation(5629499534213120)/Study(5692462144159744)/Subject(\"tidyiP\")/namespace(\"SIBDQ/Q9\")/DataPoint(1493652988348)","time_requested":1493377200000,"time_completed":1493652988348,"value":{"Long":4}},{"namespace":"Corporation(5629499534213120)/Study(5692462144159744)/Subject(\"tidyiP\")/namespace(\"SleepQualityVAS\")/DataPoint(1491226134839)","time_requested":1491213600000,"time_completed":1491226134839,"value":{"Long":76}},{"namespace":"Corporation(5629499534213120)/Study(5692462144159744)/Subject(\"tidyiP\")/namespace(\"SleepQualityVAS\")/DataPoint(1491420872140)","time_requested":1491386400000,"time_completed":1491420872140,"value":{"Long":22}},{"namespace":"Corporation(5629499534213120)/Study(5692462144159744)/Subject(\"tidyiP\")/namespace(\"SleepQualityVAS\")/DataPoint(1491586769553)","time_requested":1491559200000,"time_completed":1491586769553,"value":{"Long":33}},{"namespace":"Corporation(5629499534213120)/Study(5692462144159744)/Subject(\"tidyiP\")/namespace(\"SleepQualityVAS\")/DataPoint(1493235228718)","time_requested":1493200800000,"time_completed":1493235228718,"value":{"Long":73}},{"namespace":"Corporation(5629499534213120)/Study(5692462144159744)/Subject(\"tidyiP\")/namespace(\"SleepQualityVAS\")/DataPoint(1493326308906)","time_requested":1493287200000,"time_completed":1493326308906,"value":{"Long":78}},{"namespace":"Corporation(5629499534213120)/Study(5692462144159744)/Subject(\"tidyiP\")/namespace(\"SleepQualityVAS\")/DataPoint(1493823041171)","time_requested":1493805600000,"time_completed":1493823041171,"value":{"Long":18}},{"namespace":"Corporation(5629499534213120)/Study(5692462144159744)/Subject(\"tidyiP\")/namespace(\"SubjectGlobalAssessmentVAS\")/DataPoint(1491226138253)","time_requested":1491213600000,"time_completed":1491226138253,"value":{"Long":70}},{"namespace":"Corporation(5629499534213120)/Study(5692462144159744)/Subject(\"tidyiP\")/namespace(\"SubjectGlobalAssessmentVAS\")/DataPoint(1491420878832)","time_requested":1491386400000,"time_completed":1491420878832,"value":{"Long":34}},{"namespace":"Corporation(5629499534213120)/Study(5692462144159744)/Subject(\"tidyiP\")/namespace(\"SubjectGlobalAssessmentVAS\")/DataPoint(1491586857664)","time_requested":1491559200000,"time_completed":1491586857664,"value":{"Long":78}},{"namespace":"Corporation(5629499534213120)/Study(5692462144159744)/Subject(\"tidyiP\")/namespace(\"SubjectGlobalAssessmentVAS\")/DataPoint(1493235266365)","time_requested":1493200800000,"time_completed":1493235266365,"value":{"Long":75}},{"namespace":"Corporation(5629499534213120)/Study(5692462144159744)/Subject(\"tidyiP\")/namespace(\"SubjectGlobalAssessmentVAS\")/DataPoint(1493326314328)","time_requested":1493287200000,"time_completed":1493326314328,"value":{"Long":65}},{"namespace":"Corporation(5629499534213120)/Study(5692462144159744)/Subject(\"tidyiP\")/namespace(\"SubjectGlobalAssessmentVAS\")/DataPoint(1493823044665)","time_requested":1493805600000,"time_completed":1493823044665,"value":{"Long":81}},{"namespace":"Corporation(5629499534213120)/Study(5692462144159744)/Subject(\"tidyiP\")/namespace(\"SubjectGlobalAssessmentVAS\")/DataPoint(1494426689763)","time_requested":1494410400000,"time_completed":1494426689763,"value":{"Long":24}},{"namespace":"Corporation(5629499534213120)/Study(5692462144159744)/Subject(\"tidyiP\")/namespace(\"WongBaker\")/DataPoint(1491226145546)","time_requested":1491213600000,"time_completed":1491226145546,"value":{"Long":1}},{"namespace":"Corporation(5629499534213120)/Study(5692462144159744)/Subject(\"tidyiP\")/namespace(\"WongBaker\")/DataPoint(1491420882827)","time_requested":1491386400000,"time_completed":1491420882827,"value":{"Long":3}},{"namespace":"Corporation(5629499534213120)/Study(5692462144159744)/Subject(\"tidyiP\")/namespace(\"WongBaker\")/DataPoint(1491586889866)","time_requested":1491559200000,"time_completed":1491586889866,"value":{"Long":1}},{"namespace":"Corporation(5629499534213120)/Study(5692462144159744)/Subject(\"tidyiP\")/namespace(\"WongBaker\")/DataPoint(1493235269815)","time_requested":1493200800000,"time_completed":1493235269815,"value":{"Long":1}},{"namespace":"Corporation(5629499534213120)/Study(5692462144159744)/Subject(\"tidyiP\")/namespace(\"WongBaker\")/DataPoint(1493326317555)","time_requested":1493287200000,"time_completed":1493326317555,"value":{"Long":1}},{"namespace":"Corporation(5629499534213120)/Study(5692462144159744)/Subject(\"tidyiP\")/namespace(\"WongBaker\")/DataPoint(1493823047906)","time_requested":1493805600000,"time_completed":1493823047906,"value":{"Long":1}},{"namespace":"Corporation(5629499534213120)/Study(5692462144159744)/Subject(\"tidyiP\")/namespace(\"WongBaker\")/DataPoint(1494426692577)","time_requested":1494410400000,"time_completed":1494426692577,"value":{"Long":1}},{"namespace":"Corporation(5629499534213120)/Study(5692462144159744)/Subject(\"uLjXqi\")/namespace(\"ImageChoiceDemo\")/DataPoint(1490646038607)","time_requested":1490598000000,"time_completed":1490646038607,"value":{"Long":3}},{"namespace":"Corporation(5629499534213120)/Study(5692462144159744)/Subject(\"uLjXqi\")/namespace(\"PSQI/Q1\")/DataPoint(1490710048348)","time_requested":1490698800000,"time_completed":1490710048348,"value":{"Long":0}},{"namespace":"Corporation(5629499534213120)/Study(5692462144159744)/Subject(\"uLjXqi\")/namespace(\"PSQI/Q1\")/DataPoint(1493667819643)","time_requested":1493290800000,"time_completed":1493667819643,"value":{"Long":0}},{"namespace":"Corporation(5629499534213120)/Study(5692462144159744)/Subject(\"uLjXqi\")/namespace(\"PSQI/Q10\")/DataPoint(1490710083430)","time_requested":1490698800000,"time_completed":1490710083430,"value":{"Long":2}},{"namespace":"Corporation(5629499534213120)/Study(5692462144159744)/Subject(\"uLjXqi\")/namespace(\"PSQI/Q10\")/DataPoint(1493667842714)","time_requested":1493290800000,"time_completed":1493667842714,"value":{"Long":1}},{"namespace":"Corporation(5629499534213120)/Study(5692462144159744)/Subject(\"uLjXqi\")/namespace(\"PSQI/Q2\")/DataPoint(1490710050813)","time_requested":1490698800000,"time_completed":1490710050813,"value":{"Long":0}},{"namespace":"Corporation(5629499534213120)/Study(5692462144159744)/Subject(\"uLjXqi\")/namespace(\"PSQI/Q2\")/DataPoint(1493667822280)","time_requested":1493290800000,"time_completed":1493667822280,"value":{"Long":0}},{"namespace":"Corporation(5629499534213120)/Study(5692462144159744)/Subject(\"uLjXqi\")/namespace(\"PSQI/Q3\")/DataPoint(1490710053586)","time_requested":1490698800000,"time_completed":1490710053586,"value":{"Long":0}},{"namespace":"Corporation(5629499534213120)/Study(5692462144159744)/Subject(\"uLjXqi\")/namespace(\"PSQI/Q3\")/DataPoint(1493667823774)","time_requested":1493290800000,"time_completed":1493667823774,"value":{"Long":1}},{"namespace":"Corporation(5629499534213120)/Study(5692462144159744)/Subject(\"uLjXqi\")/namespace(\"PSQI/Q4\")/DataPoint(1490710055525)","time_requested":1490698800000,"time_completed":1490710055525,"value":{"Long":0}},{"namespace":"Corporation(5629499534213120)/Study(5692462144159744)/Subject(\"uLjXqi\")/namespace(\"PSQI/Q4\")/DataPoint(1493667825241)","time_requested":1493290800000,"time_completed":1493667825241,"value":{"Long":1}},{"namespace":"Corporation(5629499534213120)/Study(5692462144159744)/Subject(\"uLjXqi\")/namespace(\"PSQI/Q5A\")/DataPoint(1490710056929)","time_requested":1490698800000,"time_completed":1490710056929,"value":{"Long":0}},{"namespace":"Corporation(5629499534213120)/Study(5692462144159744)/Subject(\"uLjXqi\")/namespace(\"PSQI/Q5A\")/DataPoint(1493667826702)","time_requested":1493290800000,"time_completed":1493667826702,"value":{"Long":0}},{"namespace":"Corporation(5629499534213120)/Study(5692462144159744)/Subject(\"uLjXqi\")/namespace(\"PSQI/Q5B\")/DataPoint(1490710058157)","time_requested":1490698800000,"time_completed":1490710058157,"value":{"Long":0}},{"namespace":"Corporation(5629499534213120)/Study(5692462144159744)/Subject(\"uLjXqi\")/namespace(\"PSQI/Q5B\")/DataPoint(1493667827878)","time_requested":1493290800000,"time_completed":1493667827878,"value":{"Long":0}},{"namespace":"Corporation(5629499534213120)/Study(5692462144159744)/Subject(\"uLjXqi\")/namespace(\"PSQI/Q5C\")/DataPoint(1490710059375)","time_requested":1490698800000,"time_completed":1490710059375,"value":{"Long":0}},{"namespace":"Corporation(5629499534213120)/Study(5692462144159744)/Subject(\"uLjXqi\")/namespace(\"PSQI/Q5C\")/DataPoint(1493667829032)","time_requested":1493290800000,"time_completed":1493667829032,"value":{"Long":0}},{"namespace":"Corporation(5629499534213120)/Study(5692462144159744)/Subject(\"uLjXqi\")/namespace(\"PSQI/Q5D\")/DataPoint(1490710060653)","time_requested":1490698800000,"time_completed":1490710060653,"value":{"Long":0}},{"namespace":"Corporation(5629499534213120)/Study(5692462144159744)/Subject(\"uLjXqi\")/namespace(\"PSQI/Q5D\")/DataPoint(1493667830033)","time_requested":1493290800000,"time_completed":1493667830033,"value":{"Long":0}},{"namespace":"Corporation(5629499534213120)/Study(5692462144159744)/Subject(\"uLjXqi\")/namespace(\"PSQI/Q5E\")/DataPoint(1490710068360)","time_requested":1490698800000,"time_completed":1490710068360,"value":{"Long":0}},{"namespace":"Corporation(5629499534213120)/Study(5692462144159744)/Subject(\"uLjXqi\")/namespace(\"PSQI/Q5E\")/DataPoint(1493667831128)","time_requested":1493290800000,"time_completed":1493667831128,"value":{"Long":0}},{"namespace":"Corporation(5629499534213120)/Study(5692462144159744)/Subject(\"uLjXqi\")/namespace(\"PSQI/Q5F\")/DataPoint(1490710068557)","time_requested":1490698800000,"time_completed":1490710068557,"value":{"Long":0}},{"namespace":"Corporation(5629499534213120)/Study(5692462144159744)/Subject(\"uLjXqi\")/namespace(\"PSQI/Q5F\")/DataPoint(1493667832177)","time_requested":1493290800000,"time_completed":1493667832177,"value":{"Long":0}},{"namespace":"Corporation(5629499534213120)/Study(5692462144159744)/Subject(\"uLjXqi\")/namespace(\"PSQI/Q5G\")/DataPoint(1490710068732)","time_requested":1490698800000,"time_completed":1490710068732,"value":{"Long":0}},{"namespace":"Corporation(5629499534213120)/Study(5692462144159744)/Subject(\"uLjXqi\")/namespace(\"PSQI/Q5G\")/DataPoint(1493667833251)","time_requested":1493290800000,"time_completed":1493667833251,"value":{"Long":0}},{"namespace":"Corporation(5629499534213120)/Study(5692462144159744)/Subject(\"uLjXqi\")/namespace(\"PSQI/Q5H\")/DataPoint(1490710068913)","time_requested":1490698800000,"time_completed":1490710068913,"value":{"Long":0}},{"namespace":"Corporation(5629499534213120)/Study(5692462144159744)/Subject(\"uLjXqi\")/namespace(\"PSQI/Q5H\")/DataPoint(1493667834207)","time_requested":1493290800000,"time_completed":1493667834207,"value":{"Long":0}},{"namespace":"Corporation(5629499534213120)/Study(5692462144159744)/Subject(\"uLjXqi\")/namespace(\"PSQI/Q5I\")/DataPoint(1490710072206)","time_requested":1490698800000,"time_completed":1490710072206,"value":{"Long":3}},{"namespace":"Corporation(5629499534213120)/Study(5692462144159744)/Subject(\"uLjXqi\")/namespace(\"PSQI/Q5I\")/DataPoint(1493667835104)","time_requested":1493290800000,"time_completed":1493667835104,"value":{"Long":0}},{"namespace":"Corporation(5629499534213120)/Study(5692462144159744)/Subject(\"uLjXqi\")/namespace(\"PSQI/Q6\")/DataPoint(1490710073565)","time_requested":1490698800000,"time_completed":1490710073565,"value":{"Long":2}},{"namespace":"Corporation(5629499534213120)/Study(5692462144159744)/Subject(\"uLjXqi\")/namespace(\"PSQI/Q6\")/DataPoint(1493667836446)","time_requested":1493290800000,"time_completed":1493667836446,"value":{"Long":0}},{"namespace":"Corporation(5629499534213120)/Study(5692462144159744)/Subject(\"uLjXqi\")/namespace(\"PSQI/Q7\")/DataPoint(1490710075013)","time_requested":1490698800000,"time_completed":1490710075013,"value":{"Long":1}},{"namespace":"Corporation(5629499534213120)/Study(5692462144159744)/Subject(\"uLjXqi\")/namespace(\"PSQI/Q7\")/DataPoint(1493667837571)","time_requested":1493290800000,"time_completed":1493667837571,"value":{"Long":0}},{"namespace":"Corporation(5629499534213120)/Study(5692462144159744)/Subject(\"uLjXqi\")/namespace(\"PSQI/Q8\")/DataPoint(1490710076613)","time_requested":1490698800000,"time_completed":1490710076613,"value":{"Long":2}},{"namespace":"Corporation(5629499534213120)/Study(5692462144159744)/Subject(\"uLjXqi\")/namespace(\"PSQI/Q8\")/DataPoint(1493667838530)","time_requested":1493290800000,"time_completed":1493667838530,"value":{"Long":0}},{"namespace":"Corporation(5629499534213120)/Study(5692462144159744)/Subject(\"uLjXqi\")/namespace(\"PSQI/Q9\")/DataPoint(1490710081108)","time_requested":1490698800000,"time_completed":1490710081108,"value":{"Long":3}},{"namespace":"Corporation(5629499534213120)/Study(5692462144159744)/Subject(\"uLjXqi\")/namespace(\"PSQI/Q9\")/DataPoint(1493667840239)","time_requested":1493290800000,"time_completed":1493667840239,"value":{"Long":0}},{"namespace":"Corporation(5629499534213120)/Study(5692462144159744)/Subject(\"uLjXqi\")/namespace(\"SIBDQ/Q1\")/DataPoint(1490710099896)","time_requested":1490698800000,"time_completed":1490710099896,"value":{"Long":0}},{"namespace":"Corporation(5629499534213120)/Study(5692462144159744)/Subject(\"uLjXqi\")/namespace(\"SIBDQ/Q1\")/DataPoint(1493667849429)","time_requested":1493290800000,"time_completed":1493667849429,"value":{"Long":0}},{"namespace":"Corporation(5629499534213120)/Study(5692462144159744)/Subject(\"uLjXqi\")/namespace(\"SIBDQ/Q10\")/DataPoint(1490710112575)","time_requested":1490698800000,"time_completed":1490710112575,"value":{"Long":4}},{"namespace":"Corporation(5629499534213120)/Study(5692462144159744)/Subject(\"uLjXqi\")/namespace(\"SIBDQ/Q10\")/DataPoint(1493667859761)","time_requested":1493290800000,"time_completed":1493667859761,"value":{"Long":1}},{"namespace":"Corporation(5629499534213120)/Study(5692462144159744)/Subject(\"uLjXqi\")/namespace(\"SIBDQ/Q2\")/DataPoint(1490710101176)","time_requested":1490698800000,"time_completed":1490710101176,"value":{"Long":6}},{"namespace":"Corporation(5629499534213120)/Study(5692462144159744)/Subject(\"uLjXqi\")/namespace(\"SIBDQ/Q2\")/DataPoint(1493667850429)","time_requested":1493290800000,"time_completed":1493667850429,"value":{"Long":0}},{"namespace":"Corporation(5629499534213120)/Study(5692462144159744)/Subject(\"uLjXqi\")/namespace(\"SIBDQ/Q3\")/DataPoint(1490710102753)","time_requested":1490698800000,"time_completed":1490710102753,"value":{"Long":0}},{"namespace":"Corporation(5629499534213120)/Study(5692462144159744)/Subject(\"uLjXqi\")/namespace(\"SIBDQ/Q3\")/DataPoint(1493667851616)","time_requested":1493290800000,"time_completed":1493667851616,"value":{"Long":0}},{"namespace":"Corporation(5629499534213120)/Study(5692462144159744)/Subject(\"uLjXqi\")/namespace(\"SIBDQ/Q4\")/DataPoint(1490710104032)","time_requested":1490698800000,"time_completed":1490710104032,"value":{"Long":5}},{"namespace":"Corporation(5629499534213120)/Study(5692462144159744)/Subject(\"uLjXqi\")/namespace(\"SIBDQ/Q4\")/DataPoint(1493667852821)","time_requested":1493290800000,"time_completed":1493667852821,"value":{"Long":0}},{"namespace":"Corporation(5629499534213120)/Study(5692462144159744)/Subject(\"uLjXqi\")/namespace(\"SIBDQ/Q5\")/DataPoint(1490710105075)","time_requested":1490698800000,"time_completed":1490710105075,"value":{"Long":5}},{"namespace":"Corporation(5629499534213120)/Study(5692462144159744)/Subject(\"uLjXqi\")/namespace(\"SIBDQ/Q5\")/DataPoint(1493667854008)","time_requested":1493290800000,"time_completed":1493667854008,"value":{"Long":1}},{"namespace":"Corporation(5629499534213120)/Study(5692462144159744)/Subject(\"uLjXqi\")/namespace(\"SIBDQ/Q6\")/DataPoint(1490710106114)","time_requested":1490698800000,"time_completed":1490710106114,"value":{"Long":5}},{"namespace":"Corporation(5629499534213120)/Study(5692462144159744)/Subject(\"uLjXqi\")/namespace(\"SIBDQ/Q6\")/DataPoint(1493667855088)","time_requested":1493290800000,"time_completed":1493667855088,"value":{"Long":0}},{"namespace":"Corporation(5629499534213120)/Study(5692462144159744)/Subject(\"uLjXqi\")/namespace(\"SIBDQ/Q7\")/DataPoint(1490710108891)","time_requested":1490698800000,"time_completed":1490710108891,"value":{"Long":4}},{"namespace":"Corporation(5629499534213120)/Study(5692462144159744)/Subject(\"uLjXqi\")/namespace(\"SIBDQ/Q7\")/DataPoint(1493667856255)","time_requested":1493290800000,"time_completed":1493667856255,"value":{"Long":0}},{"namespace":"Corporation(5629499534213120)/Study(5692462144159744)/Subject(\"uLjXqi\")/namespace(\"SIBDQ/Q8\")/DataPoint(1490710110100)","time_requested":1490698800000,"time_completed":1490710110100,"value":{"Long":4}},{"namespace":"Corporation(5629499534213120)/Study(5692462144159744)/Subject(\"uLjXqi\")/namespace(\"SIBDQ/Q8\")/DataPoint(1493667857470)","time_requested":1493290800000,"time_completed":1493667857470,"value":{"Long":0}},{"namespace":"Corporation(5629499534213120)/Study(5692462144159744)/Subject(\"uLjXqi\")/namespace(\"SIBDQ/Q9\")/DataPoint(1490710111369)","time_requested":1490698800000,"time_completed":1490710111369,"value":{"Long":2}},{"namespace":"Corporation(5629499534213120)/Study(5692462144159744)/Subject(\"uLjXqi\")/namespace(\"SIBDQ/Q9\")/DataPoint(1493667858677)","time_requested":1493290800000,"time_completed":1493667858677,"value":{"Long":0}},{"namespace":"Corporation(5629499534213120)/Study(5692462144159744)/Subject(\"uLjXqi\")/namespace(\"SleepQualityVAS\")/DataPoint(1490710088216)","time_requested":1490695200000,"time_completed":1490710088216,"value":{"Long":72}},{"namespace":"Corporation(5629499534213120)/Study(5692462144159744)/Subject(\"uLjXqi\")/namespace(\"SleepQualityVAS\")/DataPoint(1490812428127)","time_requested":1490781600000,"time_completed":1490812428127,"value":{"Long":0}},{"namespace":"Corporation(5629499534213120)/Study(5692462144159744)/Subject(\"uLjXqi\")/namespace(\"SleepQualityVAS\")/DataPoint(1490895659621)","time_requested":1490868000000,"time_completed":1490895659621,"value":{"Long":71}},{"namespace":"Corporation(5629499534213120)/Study(5692462144159744)/Subject(\"uLjXqi\")/namespace(\"SleepQualityVAS\")/DataPoint(1491082007439)","time_requested":1491040800000,"time_completed":1491082007439,"value":{"Long":52}},{"namespace":"Corporation(5629499534213120)/Study(5692462144159744)/Subject(\"uLjXqi\")/namespace(\"SleepQualityVAS\")/DataPoint(1491248053176)","time_requested":1491213600000,"time_completed":1491248053176,"value":{"Long":47}},{"namespace":"Corporation(5629499534213120)/Study(5692462144159744)/Subject(\"uLjXqi\")/namespace(\"SleepQualityVAS\")/DataPoint(1491349588518)","time_requested":1491300000000,"time_completed":1491349588518,"value":{"Long":30}},{"namespace":"Corporation(5629499534213120)/Study(5692462144159744)/Subject(\"uLjXqi\")/namespace(\"SleepQualityVAS\")/DataPoint(1491769173335)","time_requested":1491732000000,"time_completed":1491769173335,"value":{"Long":36}},{"namespace":"Corporation(5629499534213120)/Study(5692462144159744)/Subject(\"uLjXqi\")/namespace(\"SleepQualityVAS\")/DataPoint(1492998458210)","time_requested":1492941600000,"time_completed":1492998458210,"value":{"Long":52}},{"namespace":"Corporation(5629499534213120)/Study(5692462144159744)/Subject(\"uLjXqi\")/namespace(\"SleepQualityVAS\")/DataPoint(1493037039015)","time_requested":1493028000000,"time_completed":1493037039015,"value":{"Long":49}},{"namespace":"Corporation(5629499534213120)/Study(5692462144159744)/Subject(\"uLjXqi\")/namespace(\"SleepQualityVAS\")/DataPoint(1493137505561)","time_requested":1493114400000,"time_completed":1493137505561,"value":{"Long":51}},{"namespace":"Corporation(5629499534213120)/Study(5692462144159744)/Subject(\"uLjXqi\")/namespace(\"SleepQualityVAS\")/DataPoint(1493667864431)","time_requested":1493632800000,"time_completed":1493667864431,"value":{"Long":52}},{"namespace":"Corporation(5629499534213120)/Study(5692462144159744)/Subject(\"uLjXqi\")/namespace(\"SliderDemo\")/DataPoint(1490646034613)","time_requested":1490598000000,"time_completed":1490646034613,"value":{"Long":50}},{"namespace":"Corporation(5629499534213120)/Study(5692462144159744)/Subject(\"uLjXqi\")/namespace(\"SubjectGlobalAssessmentVAS\")/DataPoint(1490710091479)","time_requested":1490695200000,"time_completed":1490710091479,"value":{"Long":54}},{"namespace":"Corporation(5629499534213120)/Study(5692462144159744)/Subject(\"uLjXqi\")/namespace(\"SubjectGlobalAssessmentVAS\")/DataPoint(1490812431885)","time_requested":1490781600000,"time_completed":1490812431885,"value":{"Long":0}},{"namespace":"Corporation(5629499534213120)/Study(5692462144159744)/Subject(\"uLjXqi\")/namespace(\"SubjectGlobalAssessmentVAS\")/DataPoint(1490895664853)","time_requested":1490868000000,"time_completed":1490895664853,"value":{"Long":75}},{"namespace":"Corporation(5629499534213120)/Study(5692462144159744)/Subject(\"uLjXqi\")/namespace(\"SubjectGlobalAssessmentVAS\")/DataPoint(1491082010282)","time_requested":1491040800000,"time_completed":1491082010282,"value":{"Long":49}},{"namespace":"Corporation(5629499534213120)/Study(5692462144159744)/Subject(\"uLjXqi\")/namespace(\"SubjectGlobalAssessmentVAS\")/DataPoint(1491248055317)","time_requested":1491213600000,"time_completed":1491248055317,"value":{"Long":52}},{"namespace":"Corporation(5629499534213120)/Study(5692462144159744)/Subject(\"uLjXqi\")/namespace(\"SubjectGlobalAssessmentVAS\")/DataPoint(1491349590956)","time_requested":1491300000000,"time_completed":1491349590956,"value":{"Long":74}},{"namespace":"Corporation(5629499534213120)/Study(5692462144159744)/Subject(\"uLjXqi\")/namespace(\"SubjectGlobalAssessmentVAS\")/DataPoint(1491769174884)","time_requested":1491732000000,"time_completed":1491769174884,"value":{"Long":30}},{"namespace":"Corporation(5629499534213120)/Study(5692462144159744)/Subject(\"uLjXqi\")/namespace(\"SubjectGlobalAssessmentVAS\")/DataPoint(1492998460820)","time_requested":1492941600000,"time_completed":1492998460820,"value":{"Long":52}},{"namespace":"Corporation(5629499534213120)/Study(5692462144159744)/Subject(\"uLjXqi\")/namespace(\"SubjectGlobalAssessmentVAS\")/DataPoint(1493037041478)","time_requested":1493028000000,"time_completed":1493037041478,"value":{"Long":47}},{"namespace":"Corporation(5629499534213120)/Study(5692462144159744)/Subject(\"uLjXqi\")/namespace(\"SubjectGlobalAssessmentVAS\")/DataPoint(1493137507831)","time_requested":1493114400000,"time_completed":1493137507831,"value":{"Long":54}},{"namespace":"Corporation(5629499534213120)/Study(5692462144159744)/Subject(\"uLjXqi\")/namespace(\"SubjectGlobalAssessmentVAS\")/DataPoint(1493667866195)","time_requested":1493632800000,"time_completed":1493667866195,"value":{"Long":51}},{"namespace":"Corporation(5629499534213120)/Study(5692462144159744)/Subject(\"uLjXqi\")/namespace(\"SurveyDemo/Q1\")/DataPoint(1490646054797)","time_requested":1490598000000,"time_completed":1490646054797,"value":{"Long":2}},{"namespace":"Corporation(5629499534213120)/Study(5692462144159744)/Subject(\"uLjXqi\")/namespace(\"SurveyDemo/Q2\")/DataPoint(1490646056066)","time_requested":1490598000000,"time_completed":1490646056066,"value":{"Long":1}},{"namespace":"Corporation(5629499534213120)/Study(5692462144159744)/Subject(\"uLjXqi\")/namespace(\"WongBaker\")/DataPoint(1490710095429)","time_requested":1490695200000,"time_completed":1490710095429,"value":{"Long":4}},{"namespace":"Corporation(5629499534213120)/Study(5692462144159744)/Subject(\"uLjXqi\")/namespace(\"WongBaker\")/DataPoint(1490812433997)","time_requested":1490781600000,"time_completed":1490812433997,"value":{"Long":0}},{"namespace":"Corporation(5629499534213120)/Study(5692462144159744)/Subject(\"uLjXqi\")/namespace(\"WongBaker\")/DataPoint(1490895667422)","time_requested":1490868000000,"time_completed":1490895667422,"value":{"Long":5}},{"namespace":"Corporation(5629499534213120)/Study(5692462144159744)/Subject(\"uLjXqi\")/namespace(\"WongBaker\")/DataPoint(1491082012291)","time_requested":1491040800000,"time_completed":1491082012291,"value":{"Long":3}},{"namespace":"Corporation(5629499534213120)/Study(5692462144159744)/Subject(\"uLjXqi\")/namespace(\"WongBaker\")/DataPoint(1491248057987)","time_requested":1491213600000,"time_completed":1491248057987,"value":{"Long":3}},{"namespace":"Corporation(5629499534213120)/Study(5692462144159744)/Subject(\"uLjXqi\")/namespace(\"WongBaker\")/DataPoint(1491349593068)","time_requested":1491300000000,"time_completed":1491349593068,"value":{"Long":4}},{"namespace":"Corporation(5629499534213120)/Study(5692462144159744)/Subject(\"uLjXqi\")/namespace(\"WongBaker\")/DataPoint(1491769177411)","time_requested":1491732000000,"time_completed":1491769177411,"value":{"Long":3}},{"namespace":"Corporation(5629499534213120)/Study(5692462144159744)/Subject(\"uLjXqi\")/namespace(\"WongBaker\")/DataPoint(1492998462709)","time_requested":1492941600000,"time_completed":1492998462709,"value":{"Long":2}},{"namespace":"Corporation(5629499534213120)/Study(5692462144159744)/Subject(\"uLjXqi\")/namespace(\"WongBaker\")/DataPoint(1493037043467)","time_requested":1493028000000,"time_completed":1493037043467,"value":{"Long":2}},{"namespace":"Corporation(5629499534213120)/Study(5692462144159744)/Subject(\"uLjXqi\")/namespace(\"WongBaker\")/DataPoint(1493137509799)","time_requested":1493114400000,"time_completed":1493137509799,"value":{"Long":0}},{"namespace":"Corporation(5629499534213120)/Study(5692462144159744)/Subject(\"uLjXqi\")/namespace(\"WongBaker\")/DataPoint(1493667867896)","time_requested":1493632800000,"time_completed":1493667867896,"value":{"Long":2}},{"namespace":"Corporation(5629499534213120)/Study(5692462144159744)/Subject(\"zCnGQk\")/namespace(\"ImageChoiceDemo\")/DataPoint(1490645021807)","time_requested":1490598000000,"time_completed":1490645021807,"value":{"Long":3}},{"namespace":"Corporation(5629499534213120)/Study(5692462144159744)/Subject(\"zCnGQk\")/namespace(\"SliderDemo\")/DataPoint(1490645018285)","time_requested":1490598000000,"time_completed":1490645018285,"value":{"Long":59}},{"namespace":"Corporation(5629499534213120)/Study(5692462144159744)/Subject(\"zCnGQk\")/namespace(\"SurveyDemo/Q1\")/DataPoint(1490645035585)","time_requested":1490598000000,"time_completed":1490645035585,"value":{"Long":3}},{"namespace":"Corporation(5629499534213120)/Study(5692462144159744)/Subject(\"zCnGQk\")/namespace(\"SurveyDemo/Q2\")/DataPoint(1490645037868)","time_requested":1490598000000,"time_completed":1490645037868,"value":{"Long":3}}]}